CCG Code,With River,Without River,With River RT,Without River RT
E38000243,1,1,5.7885333333333335,7.335068965517241
E38000136,0.41379310344827586,0.41379310344827586,12.074275862068966,16.111310344827587
E38000242,0.7241379310344828,0.10714285714285714,14.90244827586207,18.456892857142854
E38000244,0.4444444444444444,0.16,20.0487037037037,15.99788
