CCG Code,With River,Without River,With River RT,Without River RT
E38000243,1,1,5.18751724137931,5.585678571428572
E38000136,0.4166666666666667,0.38095238095238093,8.319166666666666,9.282428571428571
E38000242,0.7391304347826086,0.1,8.461434782608695,9.7324
E38000244,0.4117647058823529,0.15789473684210525,8.506470588235295,9.75157894736842
